<?xml version="1.0" encoding="UTF-8"?>
<project-private xmlns="http://www.netbeans.org/ns/project-private/1">
    <editor-bookmarks xmlns="http://www.netbeans.org/ns/editor-bookmarks/2" lastBookmarkId="0"/>
    <open-files xmlns="http://www.netbeans.org/ns/projectui-open-files/2">
        <group>
            <file>file:/home/cory/NetBeansProjects/wind2_html/partials/register.html</file>
            <file>file:/home/cory/NetBeansProjects/wind2_html/api/v1/bearingBasicEdit.php</file>
            <file>file:/home/cory/NetBeansProjects/wind2_html/partials/gearbox_text.html</file>
            <file>file:/home/cory/NetBeansProjects/wind2_html/app/gearboxTextCtrl.js</file>
            <file>file:/home/cory/NetBeansProjects/wind2_html/partials/bearing_specifics_edit.html</file>
            <file>file:/home/cory/NetBeansProjects/wind2_html/app/gearboxSpecificsCtrl2.js</file>
            <file>file:/home/cory/NetBeansProjects/wind2_html/index.html</file>
            <file>file:/home/cory/NetBeansProjects/wind2_html/partials/dashboard.html</file>
            <file>file:/home/cory/NetBeansProjects/wind2_html/api/v1/register.php</file>
            <file>file:/home/cory/NetBeansProjects/wind2_html/app/bearingBasicCtrl.js</file>
            <file>file:/home/cory/NetBeansProjects/wind2_html/app/authCtrl.js</file>
            <file>file:/home/cory/NetBeansProjects/wind2_html/app/app.js</file>
            <file>file:/home/cory/NetBeansProjects/wind2_html/api/v1/gearboxTextEdit.php</file>
            <file>file:/home/cory/NetBeansProjects/wind2_html/api/v1/gearboxText.php</file>
            <file>file:/home/cory/NetBeansProjects/wind2_html/api/v1/gearbox.php</file>
            <file>file:/home/cory/NetBeansProjects/wind2_html/partials/login.html</file>
            <file>file:/home/cory/NetBeansProjects/wind2_html/api/v1/authentication.php</file>
        </group>
    </open-files>
</project-private>
