<?xml version="1.0" encoding="UTF-8"?>
<project-private xmlns="http://www.netbeans.org/ns/project-private/1">
    <editor-bookmarks xmlns="http://www.netbeans.org/ns/editor-bookmarks/2" lastBookmarkId="0"/>
    <open-files xmlns="http://www.netbeans.org/ns/projectui-open-files/2">
        <group>
            <file>file:/home/cory/NetBeansProjects/wind2_html/app/homePageCtrl.js</file>
            <file>file:/home/cory/NetBeansProjects/wind2_html/app/app.js</file>
            <file>file:/home/cory/NetBeansProjects/wind2_html/api/v1/gearboxMfg.php</file>
            <file>file:/home/cory/NetBeansProjects/wind2_html/app/gearboxSpecificsCtrl2.js</file>
            <file>file:/home/cory/NetBeansProjects/wind2_html/app/data.js</file>
            <file>file:/home/cory/NetBeansProjects/wind2_html/index.html</file>
            <file>file:/home/cory/NetBeansProjects/wind2_html/partials/gearbox_specifics2.html</file>
            <file>file:/home/cory/NetBeansProjects/wind2_html/app/gearboxBasicCtrl.js</file>
        </group>
    </open-files>
</project-private>
